Дата,Температура (день),Давление (день),Облачность (день),Ветер (день),Температура (вечер),Давление (вечер),Облачность (вечер),Ветер (вечер)
2014-01-1,0,759,Пасмурно,З 1м/с,-1,759,Пасмурно,З 1м/с
2014-01-2,-1,758,Ясно,З 1м/с,-2,759,Пасмурно,З 1м/с
2014-01-3,-3,762,Пасмурно,С 1м/с,-3,763,Переменная облачность,С 1м/с
2014-01-4,-8,765,Пасмурно,В 3м/с,-8,764,Пасмурно,В 3м/с
2014-01-5,-10,763,Пасмурно,ЮВ 1м/с,-11,762,Пасмурно,ЮВ 1м/с
2014-01-6,-12,759,Переменная облачность,Ю 2м/с,-10,758,Пасмурно,Ю 2м/с
2014-01-7,-6,755,Переменная облачность,Ю 1м/с,-6,756,Пасмурно,Ю 1м/с
2014-01-8,-3,751,Ясно,Ю 2м/с,+1,749,Пасмурно,Ю 2м/с
2014-01-9,0,745,Пасмурно,З 2м/с,0,743,Пасмурно,З 2м/с
2014-01-10,0,742,Пасмурно,З 1м/с,0,743,Пасмурно,З 1м/с
2014-01-11,+1,735,Пасмурно,Ю 3м/с,+1,735,Пасмурно,Ю 3м/с
2014-01-12,0,739,Пасмурно,ЮЗ 2м/с,-1,741,Переменная облачность,ЮЗ 2м/с
2014-01-13,+1,736,Пасмурно,Ю 3м/с,+1,737,Пасмурно,Ю 3м/с
2014-01-14,0,740,Переменная облачность,ЮЗ 2м/с,-4,742,Переменная облачность,ЮЗ 2м/с
2014-01-15,-9,750,Переменная облачность,З 3м/с,-11,752,Пасмурно,З 3м/с
2014-01-16,-10,753,Пасмурно,В 2м/с,-8,747,Пасмурно,В 2м/с
2014-01-17,-4,740,Переменная облачность,З 4м/с,-10,742,Малооблачно,З 4м/с
2014-01-18,-11,747,Переменная облачность,З 3м/с,-15,747,Ясно,З 3м/с
2014-01-19,-18,747,Ясно,С 2м/с,-22,749,Малооблачно,С 2м/с
2014-01-20,-19,755,Ясно,СЗ 3м/с,-16,756,Пасмурно,СЗ 3м/с
2014-01-21,-12,759,Пасмурно,З 2м/с,-12,759,Пасмурно,З 2м/с
2014-01-22,-13,758,Ясно,В 1м/с,-19,758,Ясно,В 1м/с
2014-01-23,-15,752,Пасмурно,В 3м/с,-13,751,Пасмурно,В 3м/с
2014-01-24,-10,750,Пасмурно,В 4м/с,-10,750,Пасмурно,В 4м/с
2014-01-25,-12,752,Переменная облачность,В 3м/с,-15,754,Ясно,В 3м/с
2014-01-26,-17,754,Ясно,СЗ 2м/с,-21,755,Ясно,СЗ 2м/с
2014-01-27,-17,756,Переменная облачность,З 2м/с,-21,756,Ясно,З 2м/с
2014-01-28,-22,759,Ясно,С 2м/с,-26,760,Ясно,С 2м/с
2014-01-29,-27,766,Ясно,С 2м/с,-29,768,Ясно,С 2м/с
2014-01-30,-23,773,Ясно,СЗ 2м/с,-25,773,Ясно,СЗ 2м/с
2014-01-31,-17,774,Ясно,З 1м/с,-23,774,Ясно,З 1м/с
2014-02-1,-20,775,Малооблачно,В 2м/с,-26,776,Ясно,В 2м/с
2014-02-2,-19,775,Ясно,ЮЗ 1м/с,-22,773,Ясно,ЮЗ 1м/с
2014-02-3,-16,761,Малооблачно,З 3м/с,-15,758,Пасмурно,З 3м/с
2014-02-4,-12,747,Пасмурно,Ю 1м/с,-12,745,Пасмурно,Ю 1м/с
2014-02-5,-16,750,Ясно,С 2м/с,-19,752,Ясно,С 2м/с
2014-02-6,-15,754,Ясно,С 1м/с,-21,755,Ясно,С 1м/с
2014-02-7,-19,758,Ясно,ЮВ 2м/с,-24,759,Ясно,ЮВ 2м/с
2014-02-8,-15,759,Пасмурно,ЮВ 2м/с,-16,759,Пасмурно,ЮВ 2м/с
2014-02-9,-13,761,Переменная облачность,В 2м/с,-14,761,Переменная облачность,В 2м/с
2014-02-10,-15,761,Ясно,В 2м/с,-18,760,Переменная облачность,В 2м/с
2014-02-11,-13,760,Пасмурно,ЮВ 2м/с,-13,759,Малооблачно,ЮВ 2м/с
2014-02-12,-9,754,Пасмурно,Ю 2м/с,-8,753,Пасмурно,Ю 2м/с
2014-02-13,-1,753,Пасмурно,Ю 1м/с,-1,753,Малооблачно,Ю 1м/с
2014-02-14,+1,754,Переменная облачность,Ю 2м/с,-1,755,Переменная облачность,Ю 2м/с
2014-02-15,-3,754,Ясно,ЮВ 2м/с,-6,754,Ясно,ЮВ 2м/с
2014-02-16,-4,753,Ясно,ЮВ 1м/с,-5,752,Пасмурно,ЮВ 1м/с
2014-02-17,-5,748,Пасмурно,Ю 2м/с,-7,747,Пасмурно,Ю 2м/с
2014-02-18,-3,739,Пасмурно,Ю 1м/с,-2,738,Пасмурно,Ю 1м/с
2014-02-19,+1,737,Пасмурно,З 3м/с,0,739,Ясно,З 3м/с
2014-02-20,0,741,Переменная облачность,З 1м/с,-2,741,Пасмурно,З 1м/с
2014-02-21,-3,746,Переменная облачность,С 2м/с,-13,751,Малооблачно,С 2м/с
2014-02-22,-16,762,Ясно,СВ 2м/с,-19,765,Ясно,СВ 2м/с
2014-02-23,-17,769,Ясно,Ю 2м/с,-20,769,Ясно,Ю 2м/с
2014-02-24,-15,769,Ясно,ЮЗ 2м/с,-18,769,Ясно,ЮЗ 2м/с
2014-02-25,-9,769,Ясно,З 2м/с,-13,769,Ясно,З 2м/с
2014-02-26,-4,766,Ясно,ЮЗ 2м/с,-9,765,Ясно,ЮЗ 2м/с
2014-02-27,+1,762,Ясно,З 1м/с,-11,761,Ясно,З 1м/с
2014-02-28,-7,759,Переменная облачность,В 2м/с,-7,759,Пасмурно,В 2м/с
2014-03-1,-3,759,Ясно,В 2м/с,-6,759,Ясно,В 2м/с
2014-03-2,-4,759,Ясно,В 2м/с,-8,758,Ясно,В 2м/с
2014-03-3,-6,757,Переменная облачность,В 2м/с,-8,757,Ясно,В 2м/с
2014-03-4,-5,756,Ясно,ЮВ 2м/с,-8,755,Ясно,ЮВ 2м/с
2014-03-5,-4,755,Пасмурно,З 1м/с,-8,755,Малооблачно,З 1м/с
2014-03-6,+1,757,Ясно,СЗ 2м/с,-4,758,Ясно,СЗ 2м/с
2014-03-7,+1,764,Ясно,СЗ 3м/с,-6,764,Ясно,СЗ 3м/с
2014-03-8,-1,762,Малооблачно,З 3м/с,-4,761,Ясно,З 3м/с
2014-03-9,-2,760,Ясно,З 2м/с,-4,760,Ясно,З 2м/с
2014-03-10,+1,758,Ясно,З 3м/с,-3,756,Ясно,З 3м/с
2014-03-11,+4,749,Ясно,ЮЗ 3м/с,-2,747,Малооблачно,ЮЗ 3м/с
2014-03-12,+2,745,Малооблачно,СВ 2м/с,+1,743,Пасмурно,СВ 2м/с
2014-03-13,+3,737,Переменная облачность,СЗ 3м/с,+2,738,Малооблачно,СЗ 3м/с
2014-03-14,+4,741,Ясно,З 2м/с,+2,738,Переменная облачность,З 2м/с
2014-03-15,+5,741,Малооблачно,ЮЗ 3м/с,+2,741,Малооблачно,ЮЗ 3м/с
2014-03-16,+5,735,Пасмурно,Ю 4м/с,+5,733,Переменная облачность,Ю 4м/с
2014-03-17,+2,734,Переменная облачность,ЮВ 1м/с,0,733,Переменная облачность,ЮВ 1м/с
2014-03-18,0,725,Пасмурно,З 3м/с,-1,726,Пасмурно,З 3м/с
2014-03-19,+2,737,Ясно,З 5м/с,-3,740,Малооблачно,З 5м/с
2014-03-20,+1,740,Ясно,С 1м/с,-2,743,Ясно,С 1м/с
2014-03-21,+1,753,Ясно,С 2м/с,-6,754,Ясно,С 2м/с
2014-03-22,+5,748,Малооблачно,ЮЗ 4м/с,+4,747,Ясно,ЮЗ 4м/с
2014-03-23,+9,751,Малооблачно,З 2м/с,+4,753,Ясно,З 2м/с
2014-03-24,+11,755,Ясно,ЮЗ 2м/с,+5,756,Ясно,ЮЗ 2м/с
2014-03-25,+9,755,Ясно,Ю 3м/с,+7,755,Ясно,Ю 3м/с
2014-03-26,+13,752,Ясно,ЮЗ 2м/с,+3,754,Переменная облачность,ЮЗ 2м/с
2014-03-27,+4,756,Ясно,СВ 2м/с,+1,753,Ясно,СВ 2м/с
2014-03-28,+7,740,Ясно,З 3м/с,-1,739,Переменная облачность,З 3м/с
2014-03-29,+2,740,Пасмурно,СВ 3м/с,-1,741,Пасмурно,СВ 3м/с
2014-03-30,+3,738,Пасмурно,СВ 4м/с,0,735,Пасмурно,СВ 4м/с
2014-03-31,+2,734,Ясно,З 3м/с,-3,738,Переменная облачность,З 3м/с
2014-04-1,0,737,Пасмурно,В 3м/с,+1,736,Пасмурно,В 3м/с
2014-04-2,-1,738,Пасмурно,З 3м/с,-4,741,Малооблачно,З 3м/с
2014-04-3,+2,747,Малооблачно,ЮЗ 2м/с,-2,748,Ясно,ЮЗ 2м/с
2014-04-4,+4,746,Переменная облачность,ЮЗ 4м/с,+2,746,Пасмурно,ЮЗ 4м/с
2014-04-5,+1,740,Пасмурно,В 2м/с,0,740,Пасмурно,В 2м/с
2014-04-6,+5,745,Малооблачно,З 4м/с,+2,745,Ясно,З 4м/с
2014-04-7,+11,742,Ясно,З 4м/с,+4,744,Ясно,З 4м/с
2014-04-8,+4,742,Переменная облачность,СЗ 1м/с,+4,742,Переменная облачность,СЗ 1м/с
2014-04-9,+3,744,Малооблачно,С 2м/с,0,746,Ясно,С 2м/с
2014-04-10,+1,753,Переменная облачность,С 2м/с,-1,756,Ясно,С 2м/с
2014-04-11,+3,762,Ясно,С 2м/с,-1,763,Ясно,С 2м/с
2014-04-12,+7,763,Ясно,З 3м/с,+3,762,Ясно,З 3м/с
2014-04-13,+10,760,Ясно,Ю 3м/с,+7,758,Ясно,Ю 3м/с
2014-04-14,+11,757,Пасмурно,Ю 2м/с,+8,756,Ясно,Ю 2м/с
2014-04-15,+9,756,Переменная облачность,ЮЗ 2м/с,+8,756,Ясно,ЮЗ 2м/с
2014-04-16,+16,756,Ясно,ЮЗ 2м/с,+11,756,Ясно,ЮЗ 2м/с
2014-04-17,+15,753,Переменная облачность,ЮЗ 2м/с,+11,753,Переменная облачность,ЮЗ 2м/с
2014-04-18,+12,756,Ясно,С 1м/с,+8,756,Ясно,С 1м/с
2014-04-19,+15,757,Ясно,СЗ 2м/с,+11,757,Ясно,СЗ 2м/с
2014-04-20,+18,755,Ясно,З 1м/с,+11,754,Ясно,З 1м/с
2014-04-21,+19,755,Ясно,С 2м/с,+11,758,Ясно,С 2м/с
2014-04-22,+15,759,Ясно,Ю 2м/с,+11,758,Ясно,Ю 2м/с
2014-04-23,+20,748,Малооблачно,З 3м/с,+16,744,Ясно,З 3м/с
2014-04-24,+5,744,Переменная облачность,СЗ 3м/с,+1,746,Ясно,СЗ 3м/с
2014-04-25,+6,743,Малооблачно,З 4м/с,+3,743,Малооблачно,З 4м/с
2014-04-26,+6,748,Малооблачно,СЗ 3м/с,+2,751,Малооблачно,СЗ 3м/с
2014-04-27,+12,753,Ясно,З 3м/с,+10,753,Ясно,З 3м/с
2014-04-28,+18,753,Малооблачно,З 3м/с,+13,753,Ясно,З 3м/с
2014-04-29,+19,749,Ясно,Ю 2м/с,+14,749,Переменная облачность,Ю 2м/с
2014-04-30,+20,742,Переменная облачность,ЮВ 2м/с,+13,740,Пасмурно,ЮВ 2м/с
2014-05-1,+12,743,Пасмурно,З 2м/с,+11,744,Переменная облачность,З 2м/с
2014-05-2,+18,746,Малооблачно,ЮЗ 2м/с,+13,744,Ясно,ЮЗ 2м/с
2014-05-3,+15,742,Малооблачно,З 2м/с,+12,744,Переменная облачность,З 2м/с
2014-05-4,+13,753,Ясно,С 1м/с,+10,754,Ясно,С 1м/с
2014-05-5,+20,748,Ясно,ЮВ 2м/с,+18,746,Малооблачно,ЮВ 2м/с
2014-05-6,+17,745,Переменная облачность,ЮЗ 2м/с,+12,746,Ясно,ЮЗ 2м/с
2014-05-7,+13,753,Малооблачно,З 3м/с,+8,756,Ясно,З 3м/с
2014-05-8,+15,761,Ясно,З 1м/с,+9,761,Ясно,З 1м/с
2014-05-9,+20,759,Ясно,ЮВ 1м/с,+17,757,Переменная облачность,ЮВ 1м/с
2014-05-10,+22,754,Переменная облачность,В 2м/с,+18,753,Малооблачно,В 2м/с
2014-05-11,+28,750,Ясно,Ю 3м/с,+24,750,Переменная облачность,Ю 3м/с
2014-05-12,+28,752,Ясно,СЗ 1м/с,+24,752,Ясно,СЗ 1м/с
2014-05-13,+29,751,Ясно,Ю 2м/с,+23,751,Ясно,Ю 2м/с
2014-05-14,+30,751,Ясно,ЮЗ 3м/с,+24,751,Ясно,ЮЗ 3м/с
2014-05-15,+32,751,Ясно,З 2м/с,+24,752,Ясно,З 2м/с
2014-05-16,+32,753,Ясно,СЗ 2м/с,+23,754,Ясно,СЗ 2м/с
2014-05-17,+23,754,Переменная облачность,В 2м/с,+21,754,Малооблачно,В 2м/с
2014-05-18,+24,756,Ясно,СВ 2м/с,+18,756,Ясно,СВ 2м/с
2014-05-19,+23,757,Ясно,З 2м/с,+14,757,Ясно,З 2м/с
2014-05-20,+27,756,Ясно,СВ 2м/с,+21,757,Ясно,СВ 2м/с
2014-05-21,+26,758,Ясно,З 2м/с,+17,757,Ясно,З 2м/с
2014-05-22,+29,756,Ясно,З 2м/с,+18,755,Ясно,З 2м/с
2014-05-23,+30,752,Малооблачно,ЮЗ 2м/с,+19,752,Ясно,ЮЗ 2м/с
2014-05-24,+28,754,Малооблачно,СВ 2м/с,+20,753,Ясно,СВ 2м/с
2014-05-25,+30,751,Ясно,З 2м/с,+19,750,Ясно,З 2м/с
2014-05-26,+30,746,Малооблачно,З 2м/с,+19,745,Ясно,З 2м/с
2014-05-27,+29,742,Переменная облачность,СВ 2м/с,+19,742,Переменная облачность,СВ 2м/с
2014-05-28,+20,744,Малооблачно,СВ 3м/с,+15,746,Ясно,СВ 3м/с
2014-05-29,+21,751,Ясно,СВ 2м/с,+17,753,Ясно,СВ 2м/с
2014-05-30,+22,755,Малооблачно,ЮВ 1м/с,+14,756,Ясно,ЮВ 1м/с
2014-05-31,+24,756,Ясно,З 2м/с,+15,756,Ясно,З 2м/с
2014-06-1,+26,757,Ясно,В 1м/с,+21,756,Ясно,В 1м/с
2014-06-2,+29,758,Ясно,СЗ 3м/с,+19,758,Ясно,СЗ 3м/с
2014-06-3,+30,758,Ясно,СЗ 2м/с,+19,757,Ясно,СЗ 2м/с
2014-06-4,+31,757,Ясно,СЗ 2м/с,+22,756,Ясно,СЗ 2м/с
2014-06-5,+31,754,Малооблачно,СЗ 1м/с,+21,752,Ясно,СЗ 1м/с
2014-06-6,+30,749,Малооблачно,СЗ 2м/с,+23,749,Ясно,СЗ 2м/с
2014-06-7,+26,750,Ясно,СВ 2м/с,+21,751,Ясно,СВ 2м/с
2014-06-8,+26,751,Ясно,З 2м/с,+21,750,Малооблачно,З 2м/с
2014-06-9,+30,746,Малооблачно,З 3м/с,+23,744,Малооблачно,З 3м/с
2014-06-10,+23,740,Малооблачно,ЮЗ 3м/с,+16,740,Малооблачно,ЮЗ 3м/с
2014-06-11,+20,739,Переменная облачность,ЮВ 1м/с,+18,738,Малооблачно,ЮВ 1м/с
2014-06-12,+21,737,Переменная облачность,З 1м/с,+16,737,Ясно,З 1м/с
2014-06-13,+22,735,Переменная облачность,С 1м/с,+16,734,Переменная облачность,С 1м/с
2014-06-14,+17,735,Переменная облачность,З 4м/с,+13,737,Малооблачно,З 4м/с
2014-06-15,+14,736,Переменная облачность,З 2м/с,+15,737,Ясно,З 2м/с
2014-06-16,+19,743,Переменная облачность,ЮЗ 2м/с,+14,745,Малооблачно,ЮЗ 2м/с
2014-06-17,+20,748,Малооблачно,ЮЗ 3м/с,+18,747,Ясно,ЮЗ 3м/с
2014-06-18,+19,745,Малооблачно,З 2м/с,+15,743,Пасмурно,З 2м/с
2014-06-19,+16,743,Малооблачно,З 3м/с,+10,745,Ясно,З 3м/с
2014-06-20,+22,749,Переменная облачность,З 2м/с,+17,749,Малооблачно,З 2м/с
2014-06-21,+25,747,Ясно,ЮВ 2м/с,+21,744,Ясно,ЮВ 2м/с
2014-06-22,+25,741,Малооблачно,ЮЗ 4м/с,+21,744,Переменная облачность,ЮЗ 4м/с
2014-06-23,+23,748,Малооблачно,З 2м/с,+17,747,Ясно,З 2м/с
2014-06-24,+24,746,Малооблачно,З 3м/с,+19,746,Пасмурно,З 3м/с
2014-06-25,+23,746,Малооблачно,ЮЗ 3м/с,+19,746,Малооблачно,ЮЗ 3м/с
2014-06-26,+22,746,Малооблачно,З 3м/с,+19,747,Малооблачно,З 3м/с
2014-06-27,+23,745,Малооблачно,В 3м/с,+19,743,Пасмурно,В 3м/с
2014-06-28,+16,743,Переменная облачность,З 4м/с,+14,745,Пасмурно,З 4м/с
2014-06-29,+12,747,Переменная облачность,З 4м/с,+11,749,Переменная облачность,З 4м/с
2014-06-30,+20,753,Малооблачно,СЗ 3м/с,+15,753,Ясно,СЗ 3м/с
2014-07-1,+25,753,Малооблачно,З 3м/с,+17,753,Ясно,З 3м/с
2014-07-2,+29,752,Ясно,З 2м/с,+19,752,Ясно,З 2м/с
2014-07-3,+31,750,Ясно,СЗ 1м/с,+21,749,Ясно,СЗ 1м/с
2014-07-4,+31,745,Малооблачно,ЮЗ 2м/с,+23,746,Малооблачно,ЮЗ 2м/с
2014-07-5,+23,748,Малооблачно,З 2м/с,+20,749,Ясно,З 2м/с
2014-07-6,+28,750,Малооблачно,З 3м/с,+23,751,Малооблачно,З 3м/с
2014-07-7,+22,751,Переменная облачность,ЮВ 1м/с,+17,750,Малооблачно,ЮВ 1м/с
2014-07-8,+26,747,Малооблачно,СВ 3м/с,+21,747,Ясно,СВ 3м/с
2014-07-9,+25,744,Ясно,С 2м/с,+21,744,Ясно,С 2м/с
2014-07-10,+26,743,Малооблачно,СВ 2м/с,+18,744,Малооблачно,СВ 2м/с
2014-07-11,+24,748,Переменная облачность,СЗ 2м/с,+17,750,Ясно,СЗ 2м/с
2014-07-12,+19,752,Ясно,СВ 3м/с,+15,753,Ясно,СВ 3м/с
2014-07-13,+26,749,Переменная облачность,З 4м/с,+21,748,Малооблачно,З 4м/с
2014-07-14,+27,750,Ясно,СВ 2м/с,+20,750,Ясно,СВ 2м/с
2014-07-15,+30,752,Малооблачно,З 2м/с,+22,751,Ясно,З 2м/с
2014-07-16,+32,750,Малооблачно,З 2м/с,+22,750,Ясно,З 2м/с
2014-07-17,+31,748,Малооблачно,СЗ 2м/с,+24,748,Переменная облачность,СЗ 2м/с
2014-07-18,+22,749,Малооблачно,С 2м/с,+17,749,Ясно,С 2м/с
2014-07-19,+23,745,Переменная облачность,СЗ 3м/с,+15,745,Переменная облачность,СЗ 3м/с
2014-07-20,+21,744,Малооблачно,З 3м/с,+14,744,Переменная облачность,З 3м/с
2014-07-21,+19,745,Переменная облачность,СЗ 2м/с,+11,747,Малооблачно,СЗ 2м/с
2014-07-22,+24,745,Переменная облачность,СЗ 4м/с,+19,745,Переменная облачность,СЗ 4м/с
2014-07-23,+25,745,Переменная облачность,СЗ 2м/с,+20,746,Малооблачно,СЗ 2м/с
2014-07-24,+25,746,Малооблачно,СЗ 1м/с,+17,746,Малооблачно,СЗ 1м/с
2014-07-25,+23,746,Малооблачно,СЗ 3м/с,+17,746,Ясно,СЗ 3м/с
2014-07-26,+19,745,Переменная облачность,С 2м/с,+15,746,Ясно,С 2м/с
2014-07-27,+19,749,Переменная облачность,СЗ 3м/с,+15,751,Переменная облачность,СЗ 3м/с
2014-07-28,+22,750,Переменная облачность,СВ 2м/с,+16,752,Ясно,СВ 2м/с
2014-07-29,+24,752,Малооблачно,З 2м/с,+19,751,Ясно,З 2м/с
2014-07-30,+31,750,Ясно,З 3м/с,+25,749,Переменная облачность,З 3м/с
2014-07-31,+31,749,Ясно,З 2м/с,+20,749,Ясно,З 2м/с
2014-08-1,+26,750,Малооблачно,С 2м/с,+21,751,Ясно,С 2м/с
2014-08-2,+25,751,Малооблачно,З 1м/с,+19,751,Ясно,З 1м/с
2014-08-3,+24,748,Переменная облачность,С 1м/с,+21,747,Ясно,С 1м/с
2014-08-4,+24,746,Переменная облачность,С 2м/с,+21,745,Малооблачно,С 2м/с
2014-08-5,+24,745,Переменная облачность,В 4м/с,+18,746,Малооблачно,В 4м/с
2014-08-6,+26,747,Переменная облачность,В 2м/с,+21,747,Малооблачно,В 2м/с
2014-08-7,+31,748,Малооблачно,В 2м/с,+26,748,Переменная облачность,В 2м/с
2014-08-8,+31,746,Переменная облачность,В 3м/с,+27,746,Переменная облачность,В 3м/с
2014-08-9,+35,741,Переменная облачность,Ю 3м/с,+24,741,Малооблачно,Ю 3м/с
2014-08-10,+29,742,Малооблачно,З 3м/с,+22,743,Ясно,З 3м/с
2014-08-11,+27,743,Малооблачно,СЗ 2м/с,+21,745,Ясно,СЗ 2м/с
2014-08-12,+27,746,Малооблачно,С 2м/с,+19,747,Ясно,С 2м/с
2014-08-13,+28,748,Малооблачно,З 2м/с,+19,749,Ясно,З 2м/с
2014-08-14,+26,748,Ясно,ЮВ 1м/с,+18,748,Ясно,ЮВ 1м/с
2014-08-15,+29,748,Ясно,СЗ 1м/с,+26,745,Ясно,СЗ 1м/с
2014-08-16,+37,742,Малооблачно,З 2м/с,+33,740,Переменная облачность,З 2м/с
2014-08-17,+33,739,Малооблачно,З 2м/с,+25,741,Ясно,З 2м/с
2014-08-18,+28,747,Переменная облачность,З 2м/с,+25,747,Малооблачно,З 2м/с
2014-08-19,+22,749,Переменная облачность,ЮЗ 1м/с,+21,749,Переменная облачность,ЮЗ 1м/с
2014-08-20,+23,747,Переменная облачность,С 1м/с,+21,748,Ясно,С 1м/с
2014-08-21,+22,748,Малооблачно,СЗ 1м/с,+20,748,Переменная облачность,СЗ 1м/с
2014-08-22,+27,746,Малооблачно,СЗ 2м/с,+18,746,Ясно,СЗ 2м/с
2014-08-23,+27,746,Переменная облачность,З 2м/с,+19,746,Ясно,З 2м/с
2014-08-24,+23,750,Ясно,СВ 2м/с,+18,751,Ясно,СВ 2м/с
2014-08-25,+24,751,Ясно,В 2м/с,+20,750,Ясно,В 2м/с
2014-08-26,+21,747,Переменная облачность,В 2м/с,+16,746,Переменная облачность,В 2м/с
2014-08-27,+22,748,Переменная облачность,СЗ 1м/с,+13,747,Ясно,СЗ 1м/с
2014-08-28,+19,745,Малооблачно,СВ 1м/с,+16,742,Малооблачно,СВ 1м/с
2014-08-29,+19,740,Переменная облачность,З 6м/с,+15,744,Ясно,З 6м/с
2014-08-30,+20,746,Переменная облачность,ЮЗ 3м/с,+13,747,Переменная облачность,ЮЗ 3м/с
2014-08-31,+17,749,Переменная облачность,З 3м/с,+12,751,Пасмурно,З 3м/с
2014-09-1,+20,755,Переменная облачность,СЗ 2м/с,+15,756,Ясно,СЗ 2м/с
2014-09-2,+20,757,Малооблачно,С 2м/с,+16,757,Ясно,С 2м/с
2014-09-3,+23,754,Малооблачно,СЗ 1м/с,+19,752,Переменная облачность,СЗ 1м/с
2014-09-4,+19,750,Переменная облачность,СЗ 2м/с,+15,750,Малооблачно,СЗ 2м/с
2014-09-5,+19,751,Переменная облачность,С 1м/с,+10,751,Ясно,С 1м/с
2014-09-6,+22,749,Переменная облачность,СЗ 2м/с,+12,749,Ясно,СЗ 2м/с
2014-09-7,+22,750,Малооблачно,СЗ 1м/с,+13,751,Переменная облачность,СЗ 1м/с
2014-09-8,+19,753,Переменная облачность,СВ 2м/с,+14,754,Ясно,СВ 2м/с
2014-09-9,+18,755,Ясно,В 1м/с,+13,755,Ясно,В 1м/с
2014-09-10,+21,756,Ясно,В 1м/с,+15,757,Ясно,В 1м/с
2014-09-11,+21,758,Ясно,В 2м/с,+17,758,Ясно,В 2м/с
2014-09-12,+25,757,Ясно,З 1м/с,+17,756,Переменная облачность,З 1м/с
2014-09-13,+23,754,Ясно,З 2м/с,+11,753,Ясно,З 2м/с
2014-09-14,+24,752,Малооблачно,З 2м/с,+18,752,Ясно,З 2м/с
2014-09-15,+22,751,Малооблачно,З 1м/с,+14,750,Ясно,З 1м/с
2014-09-16,+13,748,Переменная облачность,СЗ 4м/с,+7,751,Ясно,СЗ 4м/с
2014-09-17,+9,753,Переменная облачность,СЗ 3м/с,+7,753,Переменная облачность,СЗ 3м/с
2014-09-18,+9,757,Переменная облачность,СЗ 2м/с,+7,759,Пасмурно,СЗ 2м/с
2014-09-19,+14,760,Ясно,ЮЗ 3м/с,+6,759,Ясно,ЮЗ 3м/с
2014-09-20,+17,756,Ясно,ЮЗ 2м/с,+7,756,Ясно,ЮЗ 2м/с
2014-09-21,+20,754,Ясно,З 2м/с,+10,754,Ясно,З 2м/с
2014-09-22,+20,752,Малооблачно,ЮВ 1м/с,+10,752,Ясно,ЮВ 1м/с
2014-09-23,+17,749,Переменная облачность,В 2м/с,+14,747,Ясно,В 2м/с
2014-09-24,+24,743,Ясно,В 2м/с,+17,743,Ясно,В 2м/с
2014-09-25,+16,745,Малооблачно,Ш,+13,746,Ясно,Ш
2014-09-26,+17,749,Переменная облачность,СЗ 1м/с,+14,750,Ясно,СЗ 1м/с
2014-09-27,+19,750,Малооблачно,ЮВ 1м/с,+15,749,Переменная облачность,ЮВ 1м/с
2014-09-28,+18,748,Переменная облачность,З 2м/с,+13,749,Переменная облачность,З 2м/с
2014-09-29,+16,749,Переменная облачность,СЗ 1м/с,+11,749,Переменная облачность,СЗ 1м/с
2014-09-30,+14,744,Переменная облачность,З 2м/с,+12,741,Переменная облачность,З 2м/с
2014-10-1,+8,743,Пасмурно,З 3м/с,+6,744,Переменная облачность,З 3м/с
2014-10-2,+3,747,Пасмурно,СЗ 3м/с,+4,748,Пасмурно,СЗ 3м/с
2014-10-3,+6,749,Переменная облачность,СЗ 3м/с,+2,749,Ясно,СЗ 3м/с
2014-10-4,+9,747,Переменная облачность,СЗ 2м/с,+3,749,Переменная облачность,СЗ 2м/с
2014-10-5,+6,755,Переменная облачность,С 1м/с,+3,757,Переменная облачность,С 1м/с
2014-10-6,+6,761,Переменная облачность,СЗ 1м/с,+5,761,Малооблачно,СЗ 1м/с
2014-10-7,+8,761,Малооблачно,СЗ 3м/с,+4,760,Ясно,СЗ 3м/с
2014-10-8,+4,762,Малооблачно,СЗ 2м/с,+3,762,Пасмурно,СЗ 2м/с
2014-10-9,+9,761,Ясно,З 2м/с,+5,760,Ясно,З 2м/с
2014-10-10,+13,756,Переменная облачность,З 4м/с,+12,755,Пасмурно,З 4м/с
2014-10-11,+19,749,Переменная облачность,З 4м/с,+14,751,Переменная облачность,З 4м/с
2014-10-12,+15,752,Малооблачно,З 2м/с,+9,752,Ясно,З 2м/с
2014-10-13,+19,748,Ясно,З 3м/с,+15,747,Ясно,З 3м/с
2014-10-14,+15,747,Переменная облачность,СЗ 2м/с,+11,749,Малооблачно,СЗ 2м/с
2014-10-15,+13,749,Малооблачно,З 2м/с,+12,748,Ясно,З 2м/с
2014-10-16,+17,743,Малооблачно,ЮЗ 3м/с,+13,744,Ясно,ЮЗ 3м/с
2014-10-17,+17,738,Переменная облачность,ЮВ 1м/с,+14,736,Пасмурно,ЮВ 1м/с
2014-10-18,+2,739,Пасмурно,СЗ 2м/с,0,740,Пасмурно,СЗ 2м/с
2014-10-19,-2,745,Пасмурно,СЗ 3м/с,-4,748,Переменная облачность,СЗ 3м/с
2014-10-20,-1,745,Переменная облачность,Ю 2м/с,-2,740,Пасмурно,Ю 2м/с
2014-10-21,+3,737,Пасмурно,В 2м/с,+4,735,Ясно,В 2м/с
2014-10-22,+1,738,Переменная облачность,З 3м/с,-4,742,Пасмурно,З 3м/с
2014-10-23,-6,748,Переменная облачность,З 4м/с,-9,750,Переменная облачность,З 4м/с
2014-10-24,-6,755,Переменная облачность,СЗ 3м/с,-7,756,Переменная облачность,СЗ 3м/с
2014-10-25,-5,758,Пасмурно,С 2м/с,-6,759,Пасмурно,С 2м/с
2014-10-26,-5,764,Переменная облачность,СЗ 2м/с,-5,764,Малооблачно,СЗ 2м/с
2014-10-27,+2,762,Ясно,З 3м/с,+1,761,Малооблачно,З 3м/с
2014-10-28,+3,756,Пасмурно,З 4м/с,+3,755,Пасмурно,З 4м/с
2014-10-29,+7,755,Малооблачно,З 2м/с,+5,756,Пасмурно,З 2м/с
2014-10-30,+7,757,Пасмурно,Ю 1м/с,+6,756,Пасмурно,Ю 1м/с
2014-10-31,+8,752,Переменная облачность,ЮЗ 3м/с,+6,751,Пасмурно,ЮЗ 3м/с
2014-11-1,+4,745,Малооблачно,Ш,+2,744,Ясно,Ш
2014-11-2,+2,745,Пасмурно,СВ 3м/с,+1,746,Переменная облачность,СВ 3м/с
2014-11-3,+4,750,Малооблачно,СВ 1м/с,+2,752,Ясно,СВ 1м/с
2014-11-4,-1,753,Пасмурно,С 1м/с,-2,752,Пасмурно,С 1м/с
2014-11-5,+4,751,Малооблачно,ЮЗ 1м/с,+2,751,Ясно,ЮЗ 1м/с
2014-11-6,+1,753,Малооблачно,СЗ 1м/с,0,754,Пасмурно,СЗ 1м/с
2014-11-7,+4,755,Пасмурно,З 1м/с,+3,756,Пасмурно,З 1м/с
2014-11-8,+4,755,Пасмурно,ЮЗ 2м/с,+5,755,Пасмурно,ЮЗ 2м/с
2014-11-9,+4,757,Пасмурно,ЮЗ 2м/с,+5,758,Ясно,ЮЗ 2м/с
2014-11-10,+6,759,Малооблачно,З 2м/с,+4,763,Пасмурно,З 2м/с
2014-11-11,+2,766,Пасмурно,З 1м/с,+2,766,Малооблачно,З 1м/с
2014-11-12,+4,761,Переменная облачность,ЮЗ 2м/с,+3,760,Переменная облачность,ЮЗ 2м/с
2014-11-13,+5,759,Пасмурно,З 2м/с,+2,759,Малооблачно,З 2м/с
2014-11-14,+2,759,Пасмурно,СЗ 1м/с,+2,760,Пасмурно,СЗ 1м/с
2014-11-15,-1,759,Пасмурно,СЗ 1м/с,-4,759,Малооблачно,СЗ 1м/с
2014-11-16,-8,762,Переменная облачность,С 1м/с,-9,763,Ясно,С 1м/с
2014-11-17,-6,765,Ясно,Ш,-9,765,Ясно,Ш
2014-11-18,-6,766,Переменная облачность,З 2м/с,-9,766,Ясно,З 2м/с
2014-11-19,-6,765,Переменная облачность,З 2м/с,-8,771,Пасмурно,З 2м/с
2014-11-20,-4,762,Пасмурно,С 1м/с,-3,762,Пасмурно,С 1м/с
2014-11-21,-1,762,Переменная облачность,СЗ 1м/с,-1,762,Пасмурно,СЗ 1м/с
2014-11-22,-1,757,Ясно,З 2м/с,-4,755,Ясно,З 2м/с
2014-11-23,-3,756,Переменная облачность,С 2м/с,-8,761,Переменная облачность,С 2м/с
2014-11-24,-11,770,Ясно,ЮВ 1м/с,-13,770,Ясно,ЮВ 1м/с
2014-11-25,-7,767,Переменная облачность,З 3м/с,-10,766,Ясно,З 3м/с
2014-11-26,-7,760,Ясно,З 3м/с,-9,759,Ясно,З 3м/с
2014-11-27,-8,763,Пасмурно,Ю 1м/с,-8,763,Пасмурно,Ю 1м/с
2014-11-28,-8,766,Пасмурно,В 1м/с,-8,766,Пасмурно,В 1м/с
2014-11-29,-5,765,Переменная облачность,СВ 1м/с,-5,764,Переменная облачность,СВ 1м/с
2014-11-30,-7,759,Переменная облачность,В 1м/с,-9,758,Ясно,В 1м/с
2014-12-1,-7,753,Переменная облачность,З 2м/с,-7,752,Переменная облачность,З 2м/с
2014-12-2,-13,754,Ясно,С 1м/с,-16,756,Ясно,С 1м/с
2014-12-3,-12,755,Ясно,З 4м/с,-9,750,Пасмурно,З 4м/с
2014-12-4,-4,746,Пасмурно,З 4м/с,-3,744,Пасмурно,З 4м/с
2014-12-5,-4,752,Переменная облачность,СЗ 2м/с,-12,756,Малооблачно,СЗ 2м/с
2014-12-6,-11,765,Ясно,З 1м/с,-11,764,Ясно,З 1м/с
2014-12-7,-4,762,Ясно,З 5м/с,-8,764,Ясно,З 5м/с
2014-12-8,-11,764,Ясно,В 3м/с,-11,763,Пасмурно,В 3м/с
2014-12-9,-9,763,Пасмурно,ЮВ 2м/с,-8,763,Пасмурно,ЮВ 2м/с
2014-12-10,-3,762,Ясно,ЮЗ 1м/с,-5,761,Малооблачно,ЮЗ 1м/с
2014-12-11,-7,758,Ясно,В 2м/с,-6,758,Переменная облачность,В 2м/с
2014-12-12,-5,755,Пасмурно,ЮВ 2м/с,-1,754,Пасмурно,ЮВ 2м/с
2014-12-13,-5,752,Пасмурно,В 2м/с,-3,752,Пасмурно,В 2м/с
2014-12-14,-2,754,Ясно,ЮЗ 1м/с,-3,755,Переменная облачность,ЮЗ 1м/с
2014-12-15,-3,757,Пасмурно,Ш,-2,759,Пасмурно,Ш
2014-12-16,-3,759,Пасмурно,ЮВ 1м/с,-4,760,Пасмурно,ЮВ 1м/с
2014-12-17,-7,759,Пасмурно,ЮВ 1м/с,-6,758,Пасмурно,ЮВ 1м/с
2014-12-18,-5,752,Пасмурно,Ю 2м/с,-4,751,Пасмурно,Ю 2м/с
2014-12-19,-2,748,Пасмурно,З 1м/с,-4,748,Ясно,З 1м/с
2014-12-20,-2,746,Переменная облачность,Ю 3м/с,-1,743,Пасмурно,Ю 3м/с
2014-12-21,+1,744,Малооблачно,З 3м/с,-1,745,Малооблачно,З 3м/с
2014-12-22,0,739,Пасмурно,З 1м/с,-1,740,Переменная облачность,З 1м/с
2014-12-23,-4,740,Малооблачно,ЮВ 1м/с,-2,737,Пасмурно,ЮВ 1м/с
2014-12-24,0,727,Пасмурно,ЮЗ 2м/с,-3,729,Пасмурно,ЮЗ 2м/с
2014-12-25,-6,737,Пасмурно,ЮЗ 2м/с,-7,732,Пасмурно,ЮЗ 2м/с
2014-12-26,-11,744,Переменная облачность,З 3м/с,-13,749,Ясно,З 3м/с
2014-12-27,-13,756,Ясно,З 2м/с,-17,758,Ясно,З 2м/с
2014-12-28,-9,750,Переменная облачность,В 5м/с,-7,745,Пасмурно,В 5м/с
2014-12-29,-9,742,Ясно,З 4м/с,-13,747,Ясно,З 4м/с
2014-12-30,-12,746,Пасмурно,В 3м/с,-10,740,Пасмурно,В 3м/с
2014-12-31,-15,751,Малооблачно,СЗ 2м/с,-19,750,Ясно,СЗ 2м/с
2015-01-1,-14,743,Пасмурно,З 2м/с,-12,744,Пасмурно,З 2м/с
2015-01-2,-7,743,Переменная облачность,Ю 2м/с,-7,740,Пасмурно,Ю 2м/с
2015-01-3,-1,733,Пасмурно,ЮЗ 2м/с,0,733,Пасмурно,ЮЗ 2м/с
2015-01-4,0,735,Переменная облачность,ЮЗ 2м/с,0,735,Переменная облачность,ЮЗ 2м/с
2015-01-5,-3,738,Пасмурно,ЮЗ 3м/с,-2,737,Пасмурно,ЮЗ 3м/с
2015-01-6,-6,741,Пасмурно,СЗ 2м/с,-12,745,Пасмурно,СЗ 2м/с
2015-01-7,-22,750,Малооблачно,С 1м/с,-27,752,Ясно,С 1м/с
2015-01-8,-22,752,Ясно,З 1м/с,-21,750,Ясно,З 1м/с
2015-01-9,-13,746,Пасмурно,З 3м/с,-12,745,Переменная облачность,З 3м/с
2015-01-10,-9,744,Пасмурно,Ю 3м/с,-5,745,Пасмурно,Ю 3м/с
2015-01-11,-10,741,Малооблачно,ЮВ 4м/с,-8,737,Малооблачно,ЮВ 4м/с
2015-01-12,-1,738,Малооблачно,ЮЗ 2м/с,-1,739,Переменная облачность,ЮЗ 2м/с
2015-01-13,-1,742,Переменная облачность,З 3м/с,-3,740,Пасмурно,З 3м/с
2015-01-14,+1,746,Переменная облачность,З 3м/с,+2,746,Переменная облачность,З 3м/с
2015-01-15,+2,751,Переменная облачность,ЮЗ 1м/с,-2,751,Переменная облачность,ЮЗ 1м/с
2015-01-16,-3,749,Переменная облачность,СЗ 1м/с,-1,752,Пасмурно,СЗ 1м/с
2015-01-17,-3,756,Ясно,З 1м/с,-8,756,Ясно,З 1м/с
2015-01-18,-8,752,Пасмурно,З 2м/с,-5,752,Пасмурно,З 2м/с
2015-01-19,-1,749,Малооблачно,З 1м/с,-1,749,Малооблачно,З 1м/с
2015-01-20,-3,754,Переменная облачность,СЗ 3м/с,-11,758,Ясно,СЗ 3м/с
2015-01-21,-13,760,Ясно,СЗ 1м/с,-16,759,Ясно,СЗ 1м/с
2015-01-22,-12,759,Ясно,С 2м/с,-17,762,Ясно,С 2м/с
2015-01-23,-15,770,Ясно,З 1м/с,-20,771,Ясно,З 1м/с
2015-01-24,-17,771,Ясно,ЮВ 1м/с,-20,771,Ясно,ЮВ 1м/с
2015-01-25,-15,772,Ясно,Ю 2м/с,-17,771,Ясно,Ю 2м/с
2015-01-26,-18,767,Ясно,В 2м/с,-21,766,Ясно,В 2м/с
2015-01-27,-17,763,Ясно,В 3м/с,-19,762,Ясно,В 3м/с
2015-01-28,-17,757,Переменная облачность,В 2м/с,-17,757,Ясно,В 2м/с
2015-01-29,-17,754,Переменная облачность,ЮВ 2м/с,-18,754,Ясно,ЮВ 2м/с
2015-01-30,-16,754,Переменная облачность,ЮВ 2м/с,-16,754,Пасмурно,ЮВ 2м/с
2015-01-31,-9,756,Переменная облачность,ЮВ 2м/с,-10,756,Пасмурно,ЮВ 2м/с
2015-02-1,-9,755,Малооблачно,В 3м/с,-12,754,Ясно,В 3м/с
2015-02-2,-5,747,Пасмурно,ЮВ 3м/с,-4,747,Пасмурно,ЮВ 3м/с
2015-02-3,-5,748,Пасмурно,ЮВ 3м/с,-6,748,Пасмурно,ЮВ 3м/с
2015-02-4,-6,748,Пасмурно,ЮВ 3м/с,-6,748,Пасмурно,ЮВ 3м/с
2015-02-5,-2,748,Переменная облачность,З 3м/с,-3,750,Переменная облачность,З 3м/с
2015-02-6,-5,751,Пасмурно,Ю 2м/с,-6,748,Пасмурно,Ю 2м/с
2015-02-7,-7,740,Ясно,С 2м/с,-11,739,Ясно,С 2м/с
2015-02-8,-10,738,Ясно,З 1м/с,-13,740,Переменная облачность,З 1м/с
2015-02-9,-5,740,Пасмурно,Ю 3м/с,-4,742,Пасмурно,Ю 3м/с
2015-02-10,-2,750,Пасмурно,Ю 2м/с,-4,751,Переменная облачность,Ю 2м/с
2015-02-11,-7,752,Ясно,З 2м/с,-10,751,Переменная облачность,З 2м/с
2015-02-12,-4,754,Переменная облачность,ЮЗ 3м/с,-7,754,Пасмурно,ЮЗ 3м/с
2015-02-13,-5,753,Переменная облачность,З 2м/с,-4,754,Переменная облачность,З 2м/с
2015-02-14,+3,757,Малооблачно,СЗ 1м/с,-6,756,Ясно,СЗ 1м/с
2015-02-15,-5,748,Пасмурно,ЮЗ 2м/с,-6,746,Переменная облачность,ЮЗ 2м/с
2015-02-16,-10,752,Переменная облачность,С 3м/с,-12,755,Ясно,С 3м/с
2015-02-17,-11,761,Ясно,С 1м/с,-15,763,Ясно,С 1м/с
2015-02-18,-9,759,Ясно,ЮЗ 1м/с,-17,756,Ясно,ЮЗ 1м/с
2015-02-19,-10,749,Ясно,З 1м/с,-12,750,Ясно,З 1м/с
2015-02-20,-9,751,Ясно,З 3м/с,-11,750,Ясно,З 3м/с
2015-02-21,-4,750,Пасмурно,З 3м/с,-4,751,Малооблачно,З 3м/с
2015-02-22,0,756,Малооблачно,Ю 2м/с,0,756,Пасмурно,Ю 2м/с
2015-02-23,+2,758,Ясно,З 3м/с,-3,759,Ясно,З 3м/с
2015-02-24,+4,762,Ясно,З 1м/с,-6,763,Ясно,З 1м/с
2015-02-25,+2,765,Ясно,ЮВ 1м/с,-6,766,Ясно,ЮВ 1м/с
2015-02-26,-2,767,Ясно,ЮВ 2м/с,-6,767,Ясно,ЮВ 2м/с
2015-02-27,-6,764,Пасмурно,Ю 1м/с,-7,764,Пасмурно,Ю 1м/с
2015-02-28,-4,761,Ясно,ЮВ 1м/с,-6,761,Ясно,ЮВ 1м/с
2015-03-1,-2,758,Ясно,В 3м/с,-5,758,Ясно,В 3м/с
2015-03-2,-2,756,Ясно,ЮВ 2м/с,-6,756,Ясно,ЮВ 2м/с
2015-03-3,-3,755,Ясно,В 2м/с,-6,755,Ясно,В 2м/с
2015-03-4,-2,752,Ясно,В 1м/с,-8,752,Ясно,В 1м/с
2015-03-5,-8,755,Ясно,ЮВ 2м/с,-11,756,Ясно,ЮВ 2м/с
2015-03-6,-6,758,Ясно,ЮВ 1м/с,-11,759,Ясно,ЮВ 1м/с
2015-03-7,-7,758,Ясно,В 1м/с,-10,758,Ясно,В 1м/с
2015-03-8,-3,758,Ясно,З 1м/с,-10,758,Ясно,З 1м/с
2015-03-9,-2,754,Пасмурно,ЮЗ 2м/с,-1,752,Переменная облачность,ЮЗ 2м/с
2015-03-10,+4,752,Пасмурно,С 2м/с,+2,756,Ясно,С 2м/с
2015-03-11,+4,759,Переменная облачность,ЮЗ 2м/с,+2,758,Переменная облачность,ЮЗ 2м/с
2015-03-12,+3,759,Ясно,ЮЗ 2м/с,+1,760,Переменная облачность,ЮЗ 2м/с
2015-03-13,+4,765,Ясно,СВ 3м/с,0,767,Ясно,СВ 3м/с
2015-03-14,+7,768,Ясно,СЗ 2м/с,+3,768,Ясно,СЗ 2м/с
2015-03-15,+6,764,Ясно,СЗ 2м/с,+1,764,Ясно,СЗ 2м/с
2015-03-16,+1,768,Ясно,СВ 3м/с,-2,770,Ясно,СВ 3м/с
2015-03-17,+5,770,Ясно,СЗ 1м/с,-1,769,Ясно,СЗ 1м/с
2015-03-18,+6,765,Ясно,З 2м/с,-2,764,Ясно,З 2м/с
2015-03-19,+9,760,Ясно,СЗ 1м/с,-1,759,Ясно,СЗ 1м/с
2015-03-20,+5,754,Ясно,Ю 2м/с,0,752,Ясно,Ю 2м/с
2015-03-21,+2,746,Малооблачно,Ю 2м/с,-2,743,Пасмурно,Ю 2м/с
2015-03-22,+2,741,Переменная облачность,ЮЗ 2м/с,+2,740,Пасмурно,ЮЗ 2м/с
2015-03-23,-2,747,Пасмурно,С 2м/с,-5,750,Ясно,С 2м/с
2015-03-24,-2,749,Переменная облачность,ЮЗ 4м/с,-2,748,Пасмурно,ЮЗ 4м/с
2015-03-25,+5,749,Ясно,З 4м/с,+3,752,Пасмурно,З 4м/с
2015-03-26,+1,758,Пасмурно,В 3м/с,-2,759,Переменная облачность,В 3м/с
2015-03-27,-1,765,Ясно,СВ 4м/с,-3,767,Ясно,СВ 4м/с
2015-03-28,+1,770,Малооблачно,В 2м/с,-3,771,Ясно,В 2м/с
2015-03-29,-1,772,Малооблачно,ЮВ 2м/с,-4,770,Ясно,ЮВ 2м/с
2015-03-30,-1,765,Ясно,ЮВ 3м/с,-4,764,Ясно,ЮВ 3м/с
2015-03-31,+3,761,Ясно,ЮВ 2м/с,0,759,Ясно,ЮВ 2м/с
2015-04-1,+6,755,Ясно,В 2м/с,0,755,Ясно,В 2м/с
2015-04-2,+4,753,Ясно,ЮВ 3м/с,0,753,Ясно,ЮВ 3м/с
2015-04-3,+5,750,Ясно,В 4м/с,+1,750,Ясно,В 4м/с
2015-04-4,0,752,Пасмурно,В 2м/с,+1,752,Переменная облачность,В 2м/с
2015-04-5,+1,751,Пасмурно,В 2м/с,0,749,Пасмурно,В 2м/с
2015-04-6,+6,752,Переменная облачность,ЮЗ 3м/с,+4,753,Ясно,ЮЗ 3м/с
2015-04-7,+9,753,Малооблачно,ЮЗ 3м/с,+6,753,Пасмурно,ЮЗ 3м/с
2015-04-8,+9,749,Переменная облачность,В 3м/с,+5,745,Переменная облачность,В 3м/с
2015-04-9,+8,737,Пасмурно,ЮЗ 3м/с,+6,738,Пасмурно,ЮЗ 3м/с
2015-04-10,+8,746,Пасмурно,З 2м/с,+6,746,Малооблачно,З 2м/с
2015-04-11,+10,745,Переменная облачность,З 4м/с,+7,746,Малооблачно,З 4м/с
2015-04-12,+10,754,Ясно,СЗ 3м/с,+2,755,Ясно,СЗ 3м/с
2015-04-13,+14,753,Ясно,Ю 3м/с,+10,752,Ясно,Ю 3м/с
2015-04-14,+15,747,Ясно,Ю 2м/с,+11,746,Ясно,Ю 2м/с
2015-04-15,+17,743,Ясно,Ю 3м/с,+5,745,Пасмурно,Ю 3м/с
2015-04-16,+13,743,Пасмурно,ЮЗ 3м/с,+8,743,Ясно,ЮЗ 3м/с
2015-04-17,+14,738,Малооблачно,З 5м/с,+10,740,Переменная облачность,З 5м/с
2015-04-18,+11,740,Малооблачно,З 2м/с,+7,740,Ясно,З 2м/с
2015-04-19,+10,737,Переменная облачность,В 2м/с,+7,737,Малооблачно,В 2м/с
2015-04-20,+3,733,Пасмурно,З 5м/с,+4,737,Ясно,З 5м/с
2015-04-21,+6,740,Пасмурно,З 2м/с,+4,742,Ясно,З 2м/с
2015-04-22,+7,740,Пасмурно,Ш,+1,739,Ясно,Ш
2015-04-23,+7,740,Пасмурно,ЮЗ 5м/с,+6,740,Пасмурно,ЮЗ 5м/с
2015-04-24,+11,736,Малооблачно,З 4м/с,+8,740,Ясно,З 4м/с
2015-04-25,+10,740,Пасмурно,Ю 2м/с,+6,740,Пасмурно,Ю 2м/с
2015-04-26,+10,746,Пасмурно,СЗ 4м/с,+5,748,Малооблачно,СЗ 4м/с
2015-04-27,+9,747,Пасмурно,З 1м/с,+9,749,Пасмурно,З 1м/с
2015-04-28,+13,753,Малооблачно,В 3м/с,+13,752,Малооблачно,В 3м/с
2015-04-29,+25,752,Малооблачно,З 2м/с,+18,754,Малооблачно,З 2м/с
2015-04-30,+25,752,Пасмурно,Ю 2м/с,+20,752,Ясно,Ю 2м/с
2015-05-1,+23,752,Переменная облачность,ЮВ 1м/с,+18,752,Пасмурно,ЮВ 1м/с
2015-05-2,+23,750,Малооблачно,В 2м/с,+18,750,Пасмурно,В 2м/с
2015-05-3,+23,746,Малооблачно,В 2м/с,+18,745,Переменная облачность,В 2м/с
2015-05-4,+24,741,Малооблачно,СЗ 2м/с,+17,742,Ясно,СЗ 2м/с
2015-05-5,+21,745,Ясно,СЗ 2м/с,+14,747,Малооблачно,СЗ 2м/с
2015-05-6,+18,746,Ясно,СВ 3м/с,+16,746,Пасмурно,СВ 3м/с
2015-05-7,+12,746,Пасмурно,СВ 2м/с,+11,746,Малооблачно,СВ 2м/с
2015-05-8,+18,743,Малооблачно,СВ 2м/с,+13,743,Ясно,СВ 2м/с
2015-05-9,+8,743,Пасмурно,С 2м/с,+5,744,Пасмурно,С 2м/с
2015-05-10,+15,748,Малооблачно,С 2м/с,+12,750,Переменная облачность,С 2м/с
2015-05-11,+18,755,Малооблачно,З 2м/с,+14,755,Ясно,З 2м/с
2015-05-12,+19,754,Малооблачно,Ю 1м/с,+13,753,Малооблачно,Ю 1м/с
2015-05-13,+19,750,Малооблачно,СЗ 1м/с,+16,749,Малооблачно,СЗ 1м/с
2015-05-14,+15,746,Малооблачно,В 2м/с,+12,746,Пасмурно,В 2м/с
2015-05-15,+20,745,Малооблачно,З 2м/с,+17,744,Ясно,З 2м/с
2015-05-16,+15,739,Малооблачно,ЮЗ 2м/с,+12,738,Переменная облачность,ЮЗ 2м/с
2015-05-17,+15,736,Пасмурно,З 3м/с,+11,736,Пасмурно,З 3м/с
2015-05-18,+10,737,Пасмурно,З 3м/с,+9,738,Пасмурно,З 3м/с
2015-05-19,+12,740,Переменная облачность,З 2м/с,+8,742,Ясно,З 2м/с
2015-05-20,+16,746,Переменная облачность,З 2м/с,+13,746,Пасмурно,З 2м/с
2015-05-21,+19,750,Переменная облачность,С 2м/с,+16,752,Ясно,С 2м/с
2015-05-22,+26,752,Малооблачно,СЗ 3м/с,+15,752,Ясно,СЗ 3м/с
2015-05-23,+28,750,Малооблачно,З 2м/с,+21,749,Ясно,З 2м/с
2015-05-24,+29,749,Малооблачно,ЮЗ 3м/с,+20,749,Ясно,ЮЗ 3м/с
2015-05-25,+29,750,Малооблачно,З 3м/с,+23,751,Ясно,З 3м/с
2015-05-26,+28,751,Малооблачно,Ю 2м/с,+18,751,Малооблачно,Ю 2м/с
2015-05-27,+29,751,Малооблачно,З 3м/с,+24,750,Малооблачно,З 3м/с
2015-05-28,+30,747,Переменная облачность,Ю 2м/с,+24,748,Пасмурно,Ю 2м/с
2015-05-29,+25,749,Пасмурно,Ш,+24,749,Ясно,Ш
2015-05-30,+28,750,Переменная облачность,ЮВ 1м/с,+24,750,Ясно,ЮВ 1м/с
2015-05-31,+31,750,Переменная облачность,ЮВ 2м/с,+26,749,Ясно,ЮВ 2м/с
2015-06-1,+33,746,Ясно,В 2м/с,+24,747,Ясно,В 2м/с
2015-06-2,+28,749,Переменная облачность,Ю 2м/с,+20,749,Малооблачно,Ю 2м/с
2015-06-3,+19,748,Пасмурно,З 2м/с,+18,747,Малооблачно,З 2м/с
2015-06-4,+28,746,Малооблачно,З 3м/с,+18,746,Ясно,З 3м/с
2015-06-5,+23,747,Малооблачно,СЗ 3м/с,+19,747,Малооблачно,СЗ 3м/с
2015-06-6,+19,749,Пасмурно,СЗ 3м/с,+13,750,Малооблачно,СЗ 3м/с
2015-06-7,+20,752,Малооблачно,СЗ 3м/с,+13,752,Ясно,СЗ 3м/с
2015-06-8,+26,747,Малооблачно,З 3м/с,+18,747,Ясно,З 3м/с
2015-06-9,+24,750,Малооблачно,СЗ 3м/с,+18,749,Переменная облачность,СЗ 3м/с
2015-06-10,+21,750,Малооблачно,С 2м/с,+15,750,Малооблачно,С 2м/с
2015-06-11,+19,749,Малооблачно,СЗ 2м/с,+11,749,Ясно,СЗ 2м/с
2015-06-12,+23,746,Малооблачно,З 2м/с,+13,746,Ясно,З 2м/с
2015-06-13,+21,750,Переменная облачность,СЗ 2м/с,+17,750,Ясно,СЗ 2м/с
2015-06-14,+28,749,Ясно,ЮЗ 2м/с,+19,749,Ясно,ЮЗ 2м/с
2015-06-15,+32,747,Ясно,З 3м/с,+28,746,Ясно,З 3м/с
2015-06-16,+32,746,Переменная облачность,ЮЗ 2м/с,+28,746,Ясно,ЮЗ 2м/с
2015-06-17,+35,746,Переменная облачность,З 2м/с,+29,744,Переменная облачность,З 2м/с
2015-06-18,+32,744,Переменная облачность,С 1м/с,+24,745,Малооблачно,С 1м/с
2015-06-19,+33,745,Малооблачно,В 2м/с,+25,746,Переменная облачность,В 2м/с
2015-06-20,+32,746,Малооблачно,В 3м/с,+28,748,Малооблачно,В 3м/с
2015-06-21,+37,746,Малооблачно,ЮВ 3м/с,+27,747,Пасмурно,ЮВ 3м/с
2015-06-22,+35,747,Малооблачно,В 2м/с,+30,746,Малооблачно,В 2м/с
2015-06-23,+31,746,Ясно,З 3м/с,+24,747,Ясно,З 3м/с
2015-06-24,+32,748,Ясно,СЗ 2м/с,+26,748,Ясно,СЗ 2м/с
2015-06-25,+32,746,Ясно,СВ 2м/с,+27,746,Ясно,СВ 2м/с
2015-06-26,+31,744,Малооблачно,С 2м/с,+26,744,Ясно,С 2м/с
2015-06-27,+32,742,Ясно,В 2м/с,+27,742,Ясно,В 2м/с
2015-06-28,+35,741,Ясно,З 2м/с,+29,741,Пасмурно,З 2м/с
2015-06-29,+33,743,Малооблачно,З 3м/с,+27,743,Малооблачно,З 3м/с
2015-06-30,+26,744,Переменная облачность,З 3м/с,+21,746,Ясно,З 3м/с
2015-07-1,+24,744,Пасмурно,З 1м/с,+17,745,Пасмурно,З 1м/с
2015-07-2,+26,747,Малооблачно,СЗ 3м/с,+20,748,Переменная облачность,СЗ 3м/с
2015-07-3,+23,748,Малооблачно,СЗ 3м/с,+17,750,Ясно,СЗ 3м/с
2015-07-4,+26,746,Малооблачно,З 2м/с,+18,747,Малооблачно,З 2м/с
2015-07-5,+31,743,Малооблачно,З 3м/с,+24,743,Переменная облачность,З 3м/с
2015-07-6,+24,742,Малооблачно,СЗ 4м/с,+16,745,Малооблачно,СЗ 4м/с
2015-07-7,+19,748,Малооблачно,СЗ 2м/с,+14,747,Ясно,СЗ 2м/с
2015-07-8,+25,741,Пасмурно,З 3м/с,+20,743,Малооблачно,З 3м/с
2015-07-9,+26,746,Малооблачно,С 2м/с,+21,746,Ясно,С 2м/с
2015-07-10,+35,741,Ясно,З 3м/с,+31,740,Переменная облачность,З 3м/с
2015-07-11,+24,737,Пасмурно,ЮВ 1м/с,+22,734,Переменная облачность,ЮВ 1м/с
2015-07-12,+17,734,Пасмурно,ЮЗ 3м/с,+17,734,Малооблачно,ЮЗ 3м/с
2015-07-13,+23,740,Малооблачно,З 4м/с,+18,743,Ясно,З 4м/с
2015-07-14,+25,746,Малооблачно,ЮЗ 3м/с,+19,746,Пасмурно,ЮЗ 3м/с
2015-07-15,+23,746,Малооблачно,З 2м/с,+20,745,Переменная облачность,З 2м/с
2015-07-16,+24,742,Пасмурно,СЗ 2м/с,+17,743,Пасмурно,СЗ 2м/с
2015-07-17,+19,743,Пасмурно,СЗ 3м/с,+17,744,Малооблачно,СЗ 3м/с
2015-07-18,+22,744,Переменная облачность,С 1м/с,+18,745,Пасмурно,С 1м/с
2015-07-19,+22,746,Переменная облачность,СВ 2м/с,+17,747,Ясно,СВ 2м/с
2015-07-20,+27,745,Ясно,З 2м/с,+22,743,Ясно,З 2м/с
2015-07-21,+20,738,Переменная облачность,ЮЗ 2м/с,+18,739,Переменная облачность,ЮЗ 2м/с
2015-07-22,+22,742,Переменная облачность,З 3м/с,+17,744,Малооблачно,З 3м/с
2015-07-23,+22,745,Ясно,З 3м/с,+19,745,Переменная облачность,З 3м/с
2015-07-24,+26,747,Малооблачно,З 2м/с,+17,747,Ясно,З 2м/с
2015-07-25,+26,747,Малооблачно,СЗ 3м/с,+19,748,Малооблачно,СЗ 3м/с
2015-07-26,+26,749,Малооблачно,СЗ 2м/с,+20,748,Ясно,СЗ 2м/с
2015-07-27,+28,747,Малооблачно,СЗ 2м/с,+22,747,Ясно,СЗ 2м/с
2015-07-28,+28,747,Ясно,З 2м/с,+19,747,Ясно,З 2м/с
2015-07-29,+29,746,Малооблачно,Ю 1м/с,+25,745,Ясно,Ю 1м/с
2015-07-30,+28,745,Малооблачно,С 2м/с,+20,746,Ясно,С 2м/с
2015-07-31,+30,746,Малооблачно,З 3м/с,+22,747,Малооблачно,З 3м/с
2015-08-1,+31,746,Переменная облачность,З 4м/с,+25,744,Переменная облачность,З 4м/с
2015-08-2,+22,753,Ясно,С 3м/с,+17,754,Ясно,С 3м/с
2015-08-3,+26,754,Малооблачно,З 2м/с,+18,753,Малооблачно,З 2м/с
2015-08-4,+25,750,Малооблачно,СЗ 4м/с,+18,750,Ясно,СЗ 4м/с
2015-08-5,+23,748,Переменная облачность,С 2м/с,+18,748,Малооблачно,С 2м/с
2015-08-6,+21,749,Переменная облачность,СЗ 3м/с,+16,750,Ясно,СЗ 3м/с
2015-08-7,+24,752,Малооблачно,С 2м/с,+17,753,Ясно,С 2м/с
2015-08-8,+21,752,Переменная облачность,З 2м/с,+18,751,Переменная облачность,З 2м/с
2015-08-9,+28,750,Малооблачно,С 2м/с,+18,750,Ясно,С 2м/с
2015-08-10,+29,747,Малооблачно,СЗ 2м/с,+23,748,Переменная облачность,СЗ 2м/с
2015-08-11,+26,749,Малооблачно,СЗ 4м/с,+20,751,Ясно,СЗ 4м/с
2015-08-12,+24,753,Малооблачно,С 2м/с,+20,755,Ясно,С 2м/с
2015-08-13,+27,754,Малооблачно,З 2м/с,+19,753,Ясно,З 2м/с
2015-08-14,+29,747,Малооблачно,З 3м/с,+19,747,Пасмурно,З 3м/с
2015-08-15,+24,746,Ясно,З 1м/с,+14,746,Ясно,З 1м/с
2015-08-16,+17,744,Переменная облачность,Ш,+15,743,Пасмурно,Ш
2015-08-17,+19,742,Пасмурно,СЗ 3м/с,+13,743,Малооблачно,СЗ 3м/с
2015-08-18,+18,745,Пасмурно,З 3м/с,+14,747,Пасмурно,З 3м/с
2015-08-19,+16,749,Малооблачно,СЗ 2м/с,+12,749,Пасмурно,СЗ 2м/с
2015-08-20,+16,751,Малооблачно,СЗ 2м/с,+13,752,Переменная облачность,СЗ 2м/с
2015-08-21,+22,753,Переменная облачность,СЗ 2м/с,+17,754,Ясно,СЗ 2м/с
2015-08-22,+26,753,Переменная облачность,З 2м/с,+14,752,Ясно,З 2м/с
2015-08-23,+20,749,Малооблачно,С 2м/с,+13,751,Ясно,С 2м/с
2015-08-24,+16,752,Ясно,С 2м/с,+11,753,Ясно,С 2м/с
2015-08-25,+20,749,Пасмурно,СЗ 3м/с,+15,749,Пасмурно,СЗ 3м/с
2015-08-26,+14,751,Переменная облачность,В 2м/с,+15,750,Пасмурно,В 2м/с
2015-08-27,+26,749,Малооблачно,ЮЗ 1м/с,+16,750,Ясно,ЮЗ 1м/с
2015-08-28,+27,749,Малооблачно,З 2м/с,+18,749,Малооблачно,З 2м/с
2015-08-29,+24,747,Пасмурно,З 2м/с,+21,743,Малооблачно,З 2м/с
2015-08-30,+18,740,Пасмурно,З 5м/с,+9,743,Пасмурно,З 5м/с
2015-08-31,+17,745,Переменная облачность,СЗ 2м/с,+10,746,Малооблачно,СЗ 2м/с
2015-09-1,+17,746,Малооблачно,СЗ 2м/с,+8,747,Ясно,СЗ 2м/с
2015-09-2,+19,746,Малооблачно,СЗ 3м/с,+9,746,Ясно,СЗ 3м/с
2015-09-3,+19,747,Переменная облачность,С 1м/с,+14,749,Ясно,С 1м/с
2015-09-4,+21,752,Переменная облачность,Ю 2м/с,+18,752,Малооблачно,Ю 2м/с
2015-09-5,+26,749,Малооблачно,Ю 1м/с,+18,749,Пасмурно,Ю 1м/с
2015-09-6,+26,748,Малооблачно,З 1м/с,+23,748,Ясно,З 1м/с
2015-09-7,+34,743,Ясно,ЮЗ 2м/с,+30,743,Ясно,ЮЗ 2м/с
2015-09-8,+21,749,Пасмурно,З 3м/с,+15,749,Ясно,З 3м/с
2015-09-9,+22,752,Малооблачно,З 2м/с,+16,753,Ясно,З 2м/с
2015-09-10,+19,753,Переменная облачность,З 2м/с,+13,753,Малооблачно,З 2м/с
2015-09-11,+13,756,Переменная облачность,СЗ 3м/с,+11,758,Малооблачно,СЗ 3м/с
2015-09-12,+17,760,Ясно,СВ 2м/с,+11,761,Ясно,СВ 2м/с
2015-09-13,,,Неизвестно,,+10,761,Ясно,Ш
2015-09-14,+21,759,Ясно,В 1м/с,+13,758,Ясно,В 1м/с
2015-09-15,+22,755,Малооблачно,СВ 1м/с,+17,754,Малооблачно,СВ 1м/с
2015-09-16,+22,752,Малооблачно,З 2м/с,+16,752,Ясно,З 2м/с
2015-09-17,+23,754,Ясно,СЗ 1м/с,+15,755,Ясно,СЗ 1м/с
2015-09-18,+22,754,Малооблачно,З 1м/с,+19,753,Пасмурно,З 1м/с
2015-09-19,+28,749,Малооблачно,З 3м/с,+20,749,Ясно,З 3м/с
2015-09-20,+25,750,Переменная облачность,СЗ 2м/с,+18,752,Ясно,СЗ 2м/с
2015-09-21,+23,754,Ясно,В 1м/с,+18,754,Ясно,В 1м/с
2015-09-22,+26,755,Ясно,В 1м/с,+20,755,Ясно,В 1м/с
2015-09-23,+27,756,Ясно,В 1м/с,+22,756,Ясно,В 1м/с
2015-09-24,+27,757,Переменная облачность,З 2м/с,+17,757,Ясно,З 2м/с
2015-09-25,+27,756,Ясно,СЗ 2м/с,+18,756,Ясно,СЗ 2м/с
2015-09-26,+27,756,Ясно,З 1м/с,+17,757,Ясно,З 1м/с
2015-09-27,+29,758,Ясно,З 1м/с,+20,758,Ясно,З 1м/с
2015-09-28,+28,758,Ясно,ЮЗ 2м/с,+23,758,Ясно,ЮЗ 2м/с
2015-09-29,+23,758,Ясно,Ю 3м/с,+17,757,Ясно,Ю 3м/с
2015-09-30,+18,755,Переменная облачность,СЗ 2м/с,+9,755,Пасмурно,СЗ 2м/с
2015-10-1,+13,752,Ясно,СЗ 1м/с,+7,751,Ясно,СЗ 1м/с
2015-10-2,+9,743,Малооблачно,З 3м/с,+9,744,Пасмурно,З 3м/с
2015-10-3,+11,736,Переменная облачность,З 3м/с,+12,740,Переменная облачность,З 3м/с
2015-10-4,+11,755,Ясно,СЗ 2м/с,+4,756,Ясно,СЗ 2м/с
2015-10-5,+17,752,Ясно,ЮЗ 3м/с,+12,749,Ясно,ЮЗ 3м/с
2015-10-6,+19,742,Пасмурно,ЮЗ 3м/с,+9,742,Пасмурно,ЮЗ 3м/с
2015-10-7,+3,743,Переменная облачность,С 2м/с,+1,742,Пасмурно,С 2м/с
2015-10-8,0,740,Пасмурно,З 4м/с,-1,743,Переменная облачность,З 4м/с
2015-10-9,+1,745,Пасмурно,ЮЗ 4м/с,0,745,Пасмурно,ЮЗ 4м/с
2015-10-10,0,744,Переменная облачность,З 3м/с,0,745,Пасмурно,З 3м/с
2015-10-11,+1,748,Пасмурно,З 2м/с,-1,749,Пасмурно,З 2м/с
2015-10-12,+2,754,Пасмурно,З 4м/с,+2,755,Переменная облачность,З 4м/с
2015-10-13,+3,758,Пасмурно,З 3м/с,+3,758,Ясно,З 3м/с
2015-10-14,+9,759,Переменная облачность,З 3м/с,+6,760,Ясно,З 3м/с
2015-10-15,+6,758,Переменная облачность,З 4м/с,+5,757,Переменная облачность,З 4м/с
2015-10-16,+7,758,Пасмурно,СВ 1м/с,+5,759,Ясно,СВ 1м/с
2015-10-17,+10,755,Переменная облачность,З 3м/с,+7,753,Пасмурно,З 3м/с
2015-10-18,+11,749,Переменная облачность,З 3м/с,+9,748,Пасмурно,З 3м/с
2015-10-19,+5,746,Пасмурно,З 2м/с,+5,745,Пасмурно,З 2м/с
2015-10-20,+1,750,Пасмурно,С 2м/с,+1,754,Переменная облачность,С 2м/с
2015-10-21,+1,758,Малооблачно,С 2м/с,-2,760,Ясно,С 2м/с
2015-10-22,+3,761,Ясно,Ю 1м/с,-2,761,Ясно,Ю 1м/с
2015-10-23,+3,758,Малооблачно,ЮВ 2м/с,+3,755,Пасмурно,ЮВ 2м/с
2015-10-24,0,752,Пасмурно,В 1м/с,0,752,Пасмурно,В 1м/с
2015-10-25,+1,749,Пасмурно,В 2м/с,+2,749,Пасмурно,В 2м/с
2015-10-26,+3,746,Пасмурно,ЮЗ 3м/с,+3,749,Пасмурно,ЮЗ 3м/с
2015-10-27,+7,746,Пасмурно,ЮЗ 2м/с,+5,745,Переменная облачность,ЮЗ 2м/с
2015-10-28,+5,745,Переменная облачность,Ю 1м/с,+4,743,Пасмурно,Ю 1м/с
2015-10-29,+3,746,Пасмурно,СЗ 3м/с,+1,752,Переменная облачность,СЗ 3м/с
2015-10-30,0,756,Переменная облачность,СЗ 2м/с,-1,757,Нет данных,СЗ 2м/с
2015-10-31,-1,761,Нет данных,С 2м/с,-2,763,Нет данных,С 2м/с
2015-11-1,0,755,Пасмурно,З 3м/с,+1,754,Малооблачно,З 3м/с
2015-11-2,+3,744,Пасмурно,З 3м/с,+3,744,Пасмурно,З 3м/с
2015-11-3,+4,738,Пасмурно,З 3м/с,+5,737,Нет данных,З 3м/с
2015-11-4,+5,743,Пасмурно,СЗ 2м/с,+4,745,Пасмурно,СЗ 2м/с
2015-11-5,+5,740,Пасмурно,З 2м/с,+4,739,Пасмурно,З 2м/с
2015-11-6,+3,747,Пасмурно,СЗ 5м/с,+3,751,Пасмурно,СЗ 5м/с
2015-11-7,+3,756,Малооблачно,З 2м/с,-1,756,Ясно,З 2м/с
2015-11-8,+2,753,Пасмурно,З 2м/с,+2,752,Переменная облачность,З 2м/с
2015-11-9,+3,751,Пасмурно,Ю 1м/с,+2,750,Переменная облачность,Ю 1м/с
2015-11-10,+2,746,Пасмурно,Ю 3м/с,+1,743,Пасмурно,Ю 3м/с
2015-11-11,0,736,Пасмурно,В 3м/с,+1,735,Пасмурно,В 3м/с
2015-11-12,0,738,Пасмурно,В 2м/с,0,740,Пасмурно,В 2м/с
2015-11-13,-1,743,Пасмурно,В 2м/с,-3,745,Пасмурно,В 2м/с
2015-11-14,-4,749,Пасмурно,С 1м/с,-5,750,Переменная облачность,С 1м/с
2015-11-15,-3,748,Переменная облачность,В 2м/с,-4,748,Пасмурно,В 2м/с
2015-11-16,-3,748,Переменная облачность,В 3м/с,-5,749,Пасмурно,В 3м/с
2015-11-17,-6,752,Малооблачно,В 3м/с,-7,754,Переменная облачность,В 3м/с
2015-11-18,-4,754,Малооблачно,В 1м/с,-5,755,Малооблачно,В 1м/с
2015-11-19,-6,755,Пасмурно,Ю 1м/с,-6,755,Пасмурно,Ю 1м/с
2015-11-20,-9,752,Пасмурно,В 4м/с,-9,750,Пасмурно,В 4м/с
2015-11-21,+3,741,Пасмурно,ЮЗ 3м/с,+3,744,Нет данных,ЮЗ 3м/с
2015-11-22,+7,746,Пасмурно,ЮЗ 2м/с,+8,746,Пасмурно,ЮЗ 2м/с
2015-11-23,+10,748,Пасмурно,ЮЗ 2м/с,+10,749,Пасмурно,ЮЗ 2м/с
2015-11-24,+3,755,Пасмурно,СЗ 2м/с,+2,756,Переменная облачность,СЗ 2м/с
2015-11-25,+1,752,Переменная облачность,В 2м/с,0,752,Пасмурно,В 2м/с
2015-11-26,0,744,Пасмурно,В 4м/с,+2,740,Пасмурно,В 4м/с
2015-11-27,-4,746,Пасмурно,З 4м/с,-5,749,Переменная облачность,З 4м/с
2015-11-28,-2,751,Ясно,З 3м/с,-3,752,Ясно,З 3м/с
2015-11-29,+2,754,Пасмурно,Ш,-2,755,Ясно,Ш
2015-11-30,0,752,Малооблачно,В 2м/с,-1,750,Пасмурно,В 2м/с
2015-12-1,-1,749,Пасмурно,В 1м/с,-1,746,Пасмурно,В 1м/с
2015-12-2,+1,749,Пасмурно,ЮВ 1м/с,0,750,Ясно,ЮВ 1м/с
2015-12-3,-1,754,Малооблачно,СВ 2м/с,-2,756,Пасмурно,СВ 2м/с
2015-12-4,-3,755,Пасмурно,З 2м/с,-2,753,Пасмурно,З 2м/с
2015-12-5,-1,748,Пасмурно,ЮЗ 2м/с,-1,745,Пасмурно,ЮЗ 2м/с
2015-12-6,+2,745,Переменная облачность,З 3м/с,+1,743,Пасмурно,З 3м/с
2015-12-7,+2,731,Пасмурно,З 4м/с,+3,731,Пасмурно,З 4м/с
2015-12-8,+1,737,Пасмурно,СЗ 3м/с,+1,741,Пасмурно,СЗ 3м/с
2015-12-9,0,754,Малооблачно,СЗ 3м/с,-1,755,Малооблачно,СЗ 3м/с
2015-12-10,+2,753,Ясно,З 5м/с,+1,752,Малооблачно,З 5м/с
2015-12-11,-1,756,Пасмурно,З 2м/с,-2,755,Переменная облачность,З 2м/с
2015-12-12,-2,753,Малооблачно,ЮЗ 2м/с,0,752,Пасмурно,ЮЗ 2м/с
2015-12-13,+1,744,Пасмурно,Ю 2м/с,-1,746,Пасмурно,Ю 2м/с
2015-12-14,0,752,Пасмурно,З 2м/с,-4,753,Ясно,З 2м/с
2015-12-15,-2,751,Пасмурно,ЮВ 2м/с,-3,749,Пасмурно,ЮВ 2м/с
2015-12-16,-4,744,Пасмурно,СЗ 1м/с,-5,743,Пасмурно,СЗ 1м/с
2015-12-17,-9,743,Переменная облачность,СЗ 3м/с,-10,746,Пасмурно,СЗ 3м/с
2015-12-18,-10,752,Ясно,З 2м/с,-12,752,Пасмурно,З 2м/с
2015-12-19,-16,754,Ясно,В 1м/с,-13,750,Пасмурно,В 1м/с
2015-12-20,-6,743,Пасмурно,В 2м/с,-5,745,Пасмурно,В 2м/с
2015-12-21,-1,746,Пасмурно,Ю 1м/с,-1,743,Пасмурно,Ю 1м/с
2015-12-22,+2,736,Пасмурно,Ш,,,Неизвестно,
2015-12-23,+2,741,Пасмурно,З 2м/с,+2,742,Пасмурно,З 2м/с
2015-12-24,+1,730,Нет данных,В 1м/с,0,733,Нет данных,В 1м/с
2015-12-25,-1,743,Пасмурно,СЗ 5м/с,-3,746,Пасмурно,СЗ 5м/с
2015-12-26,-5,743,Пасмурно,ЮЗ 2м/с,-2,740,Пасмурно,ЮЗ 2м/с
2015-12-27,+1,736,Пасмурно,З 2м/с,-3,735,Пасмурно,З 2м/с
2015-12-28,-4,745,Пасмурно,З 3м/с,-3,748,Пасмурно,З 3м/с
2015-12-29,-6,752,Пасмурно,СЗ 3м/с,-8,754,Пасмурно,СЗ 3м/с
2015-12-30,-11,757,Малооблачно,С 1м/с,-15,758,Пасмурно,С 1м/с
2015-12-31,-16,759,Ясно,СВ 2м/с,-16,760,Ясно,СВ 2м/с
2016-01-1,-16,762,Ясно,СВ 2м/с,-18,762,Ясно,СВ 2м/с
2016-01-2,-19,760,Малооблачно,В 1м/с,-20,758,Малооблачно,В 1м/с
2016-01-3,-12,745,Пасмурно,В 3м/с,-14,745,Пасмурно,В 3м/с
2016-01-4,-17,752,Малооблачно,ЮВ 2м/с,-17,755,Малооблачно,ЮВ 2м/с
2016-01-5,,,Неизвестно,,-15,758,Пасмурно,Ш
2016-01-6,-16,756,Переменная облачность,В 4м/с,-17,755,Малооблачно,В 4м/с
2016-01-7,-16,752,Пасмурно,В 3м/с,-14,751,Пасмурно,В 3м/с
2016-01-8,-9,750,Пасмурно,В 3м/с,-7,749,Пасмурно,В 3м/с
2016-01-9,-6,740,Пасмурно,В 5м/с,-3,737,Пасмурно,В 5м/с
2016-01-10,,,Неизвестно,,-6,738,Пасмурно,Ш
2016-01-11,-12,744,Переменная облачность,З 2м/с,-15,747,Ясно,З 2м/с
2016-01-12,-17,755,Ясно,З 1м/с,-19,754,Ясно,З 1м/с
2016-01-13,-11,747,Пасмурно,В 4м/с,-9,746,Пасмурно,В 4м/с
2016-01-14,-6,747,Пасмурно,ЮВ 2м/с,-7,746,Пасмурно,ЮВ 2м/с
2016-01-15,-5,749,Пасмурно,З 2м/с,-4,750,Переменная облачность,З 2м/с
2016-01-16,-6,756,Ясно,СЗ 1м/с,-13,758,Ясно,СЗ 1м/с
2016-01-17,-12,755,Ясно,В 4м/с,-8,753,Пасмурно,В 4м/с
2016-01-18,-4,752,Пасмурно,ЮВ 3м/с,-4,751,Пасмурно,ЮВ 3м/с
2016-01-19,-7,743,Пасмурно,В 3м/с,-5,742,Пасмурно,В 3м/с
2016-01-20,-2,741,Пасмурно,В 1м/с,-3,742,Пасмурно,В 1м/с
2016-01-21,-8,754,Малооблачно,ЮЗ 4м/с,-10,759,Ясно,ЮЗ 4м/с
2016-01-22,-12,764,Пасмурно,В 3м/с,-10,761,Пасмурно,В 3м/с
2016-01-23,-6,758,Малооблачно,ЮВ 2м/с,-8,756,Пасмурно,ЮВ 2м/с
2016-01-24,-8,757,Пасмурно,СВ 1м/с,-13,758,Малооблачно,СВ 1м/с
2016-01-25,-19,756,Ясно,СЗ 2м/с,-22,756,Ясно,СЗ 2м/с
2016-01-26,-19,755,Ясно,СЗ 4м/с,-22,756,Ясно,СЗ 4м/с
2016-01-27,-17,755,Ясно,В 2м/с,-20,755,Ясно,В 2м/с
2016-01-28,-17,753,Ясно,В 2м/с,-20,754,Ясно,В 2м/с
2016-01-29,-11,745,Пасмурно,ЮВ 3м/с,-10,744,Пасмурно,ЮВ 3м/с
2016-01-30,-3,746,Пасмурно,З 1м/с,-1,747,Переменная облачность,З 1м/с
2016-01-31,+1,749,Пасмурно,Ю 1м/с,0,749,Пасмурно,Ю 1м/с
